orig_index,REEF_NAME,SITE_NO,site_name,year_raw,longitude_raw,latitude_raw,cyc_dis,dhw_dis,other_dis,cyc_lag1,dhw_lag1,other_lag1,cyc_lag2,dhw_lag2,other_lag2,year,site_longitude,site_latitude
2539,Reef 35,Site 1,Reef35 Site 1,20,2.182890485259242,-12.4170684475182,-0.28117182078705266,-0.3818736159394577,0.9722243893094789,4.166213917560134,0.44366333238286787,-1.2272747056395539,-0.3113328191843679,-0.1154548036029866,0.03293352986153883,0.4924546656679519,-0.7193426430215225,0.5008765403645066
2477,Reef 34,Site 2,Reef34 Site 2,18,2.222890485259242,-11.9870684475182,-0.28117182078705266,-0.5140992096113733,-0.1891342588557881,-0.31548555799222244,1.1048949230372473,-0.13996511068043235,-0.3113328191843679,0.9512938432304143,0.7449336212528475,0.2354493939742508,-0.6889512348049889,0.9099822241436655
2447,Reef 34,Site 1,Reef34 Site 1,18,2.242890485259242,-11.9070684475182,-0.28117182078705266,-0.5210843111729134,-0.12850528220533472,-0.31548555799222244,0.9541456981101281,-0.15457927457224296,-0.3113328191843679,0.9831605180160812,0.8135080609656119,0.2354493939742508,-0.673755530696722,0.9860949094979273
1969,Reef 29,Site 3,Reef29 Site 3,20,2.432890485259242,-12.8070684475182,-0.28117182078705266,-0.38500434403501727,1.3257629640454305,3.768724558593205,0.23300270994874378,-0.5519643130859957,-0.3113328191843679,0.23925995426486854,-0.28884231617717687,0.4924546656679519,-0.5293963416681873,0.12982719926248112
3201,Reef 41,Site 2,Reef41 Site 2,22,1.442890485259242,-14.3170684475182,-0.28117182078705266,1.0525619500410808,-0.46199589149048814,-0.31548555799222244,0.9139623611800175,-0.002377534633219663,1.0052602132972257,0.2112932247640927,0.05243309907490762,0.749459937361653,-1.2815836950273949,-1.3067997367992112
2902,Reef 39,Site 1,Reef39 Site 1,23,1.752890485259242,-14.4770684475182,-0.28117182078705266,2.9977886321696845,0.17269532628504272,-0.31548555799222244,0.9838504096771752,-0.0519298457711174,-0.3113328191843679,1.0324522952737993,0.8114197323894695,0.8779625732085035,-1.0460502813492591,-1.459025107507735
706,Reef 16,Site 3,Reef16 Site 3,17,3.932890485259242,-12.4170684475182,-0.28117182078705266,0.4339203358319576,-1.619754479816384,-0.31548555799222244,0.4528584168755614,-0.5395423285640979,-0.3113328191843679,0.9051048143957863,0.21964037567711564,0.10694675812740026,0.6102814664518241,0.5008765403645066
3171,Reef 41,Site 1,Reef41 Site 1,22,1.612890485259242,-14.357068447518198,-0.28117182078705266,1.011337054416898,-0.27883415062022565,-0.31548555799222244,0.9653436048729022,0.37550829052412543,1.5959286287906278,0.3424075334823806,-0.010673745892361974,0.749459937361653,-1.1524202101071268,-1.3448560794763413
1939,Reef 29,Site 2,Reef29 Site 2,20,2.4628904852592424,-12.7470684475182,-0.28117182078705266,-0.3687719427896515,1.3725224296461978,3.617715509495361,0.20072887867716596,-0.6658641306916814,-0.3113328191843679,0.3178912119108621,-0.2688203463394816,0.4924546656679519,-0.5066027855057869,0.18691171327817632
2869,Reef 38,Site 3,Reef38 Site 3,20,1.882890485259242,-12.9570684475182,-0.0016781554858572754,-0.2046091043130942,1.3423121543218053,2.9393903090374724,0.5089129603888966,-0.511892577020356,-0.3113328191843679,-0.3034888860012484,0.4587573276711207,0.4924546656679519,-0.9472782046455248,-0.01288408577676018
2509,Reef 34,Site 3,Reef34 Site 3,20,2.282890485259242,-12.0070684475182,-0.28117182078705266,-0.6860711191527922,0.5606664010621427,3.5930883738126402,0.4350366895506131,-1.8849589892375531,-0.3113328191843679,-0.3650806966582467,-0.021646754639493445,0.4924546656679519,-0.6433641224801884,0.8909540528050987
2597,Reef 35,Site 3,Reef35 Site 3,18,1.942890485259242,-12.6270684475182,-0.28117182078705266,-0.16664340253681648,0.6319094424097474,-0.31548555799222244,1.3171561489236183,1.0497511285195578,-0.3113328191843679,1.5738705996264641,1.0169609833549986,0.2354493939742508,-0.9016910923207245,0.30108074130957
2599,Reef 35,Site 3,Reef35 Site 3,20,1.942890485259242,-12.6270684475182,-0.28117182078705266,-0.27393866840742587,0.8031262640634128,3.4031784655989306,0.6431666350524079,-0.7014599087376409,-0.3113328191843679,-0.009593044355862859,0.7092743380610269,0.4924546656679519,-0.9016910923207245,0.30108074130957
2537,Reef 35,Site 1,Reef35 Site 1,18,2.182890485259242,-12.4170684475182,-0.28117182078705266,-0.2740345658004142,-0.061021237531412344,-0.31548555799222244,1.1927096928684287,0.36657050235473726,-0.3113328191843679,1.2061205134863655,0.8193103578961833,0.2354493939742508,-0.7193426430215225,0.5008765403645066
2752,Reef 37,Site 2,Reef37 Site 2,23,1.922890485259242,-14.5670684475182,-0.28117182078705266,3.239881732604604,0.01961987851750574,-0.31548555799222244,1.0953950482327748,-0.13493693338598414,-0.3113328191843679,1.123781923325789,0.9717846567525249,0.8779625732085035,-0.9168867964289912,-1.5446518785312795
2722,Reef 37,Site 1,Reef37 Site 1,23,1.912890485259242,-14.5870684475182,-0.28117182078705266,3.281231278574308,0.009940221130539852,-0.31548555799222244,1.1111778437756363,-0.1181804486712662,-0.3113328191843679,1.1342912887907097,0.9805588663631015,0.8779625732085035,-0.9244846484831246,-1.5636800498698462
2839,Reef 38,Site 2,Reef38 Site 2,20,1.842890485259242,-12.7770684475182,-0.28117182078705266,-0.18484006169700432,1.154536387124184,2.97891699918155,0.6487299143569902,-0.4448860404626912,-0.3113328191843679,-0.21423140473794092,0.8396741536190995,0.4924546656679519,-0.9776696128620584,0.15836945627032872
1909,Reef 29,Site 1,Reef29 Site 1,20,2.6128904852592423,-12.947068447518198,-0.28117182078705266,-0.6188419462681449,1.2595389024486237,3.3252360511130923,0.33768734248966054,-0.33723828890237006,-0.3113328191843679,0.04885848627606534,-0.5545647434428261,0.4924546656679519,-0.39263500469378576,-0.0033700001074759606
2837,Reef 38,Site 2,Reef38 Site 2,18,1.842890485259242,-12.7770684475182,-0.28117182078705266,-0.374238210388867,0.7655078173169225,-0.31548555799222244,1.117365640862057,0.8702338938153888,-0.3113328191843679,1.6654731383458024,0.9299109094096704,0.2354493939742508,-0.9776696128620584,0.15836945627032872
3320,Reef 42,Site 3,Reef42 Site 3,21,1.352890485259242,-13.8370684475182,-0.28117182078705266,0.694701015622496,-0.42925310180431386,2.703758867189222,0.3157712000830397,0.17502943512653998,0.15349335890921667,1.2325795159977366,-0.2446434898001557,0.6209573015148023,-1.3499643635145955,-0.8501236246736413
2782,Reef 37,Site 3,Reef37 Site 3,23,1.932890485259242,-14.607068447518198,-0.28117182078705266,3.3238056706194388,-0.005778819592754231,-0.31548555799222244,1.137789126336272,-0.1354772536851363,-0.3113328191843679,1.1515241270782055,0.9958756909863732,0.8779625732085035,-0.9092889443748579,-1.5827082212084096
890,Reef 18,Site 3,Reef18 Site 3,21,3.4428904852592424,-13.857068447518198,-0.28117182078705266,0.28172509023757186,0.28065249442963325,-0.26013429385151143,0.1040170266574168,0.6579555063510191,1.633231649106814,0.8260543726347979,0.4776390728528764,0.6209573015148023,0.23798671579928724,-0.8691517960122047
2962,Reef 39,Site 3,Reef39 Site 3,23,1.752890485259242,-14.607068447518198,-0.28117182078705266,3.1022577131011073,0.06608162583036999,-0.31548555799222244,0.9102847845501707,-0.05826320797271937,-0.3113328191843679,0.9302208340243864,0.7981569232295576,0.8779625732085035,-1.0460502813492591,-1.5827082212084096
2479,Reef 34,Site 2,Reef34 Site 2,20,2.222890485259242,-11.9870684475182,-0.28117182078705266,-0.5552177515150465,0.7616492013478477,3.331451333599449,0.46122812186435996,-2.002917045027157,-0.3113328191843679,-0.35210058296271834,-0.0921122602754548,0.4924546656679519,-0.6889512348049889,0.9099822241436655
2476,Reef 34,Site 2,Reef34 Site 2,17,2.222890485259242,-11.9870684475182,-0.28117182078705266,1.0320855759506193,-0.18192685499514133,-0.31548555799222244,0.8805752301824671,0.6839805615376973,-0.3113328191843679,0.8260487578592239,-0.14792913850177952,0.10694675812740026,-0.6889512348049889,0.9099822241436655
2783,Reef 37,Site 3,Reef37 Site 3,24,1.932890485259242,-14.607068447518198,-0.28117182078705266,0.742432709765521,1.3061879515983799,-0.31548555799222244,3.400295818802521,0.030709262440110983,-0.3113328191843679,1.2044380624089683,-0.08055651948718838,1.006465209055354,-0.9092889443748579,-1.5827082212084096
2506,Reef 34,Site 3,Reef34 Site 3,17,2.282890485259242,-12.0070684475182,-0.28117182078705266,0.9884325865255009,-0.19477031689924998,-0.31548555799222244,0.9495459929716306,0.72999320677093,-0.3113328191843679,0.8564632438825425,-0.24715399424923898,0.10694675812740026,-0.6433641224801884,0.8909540528050987
676,Reef 16,Site 2,Reef16 Site 2,17,3.8528904852592425,-12.4570684475182,-0.28117182078705266,0.5235664986706434,-1.5374016363835157,-0.31548555799222244,0.4906084303068247,-0.4881600051857344,-0.3113328191843679,0.8378864160893469,0.020697467244249566,0.10694675812740026,0.5494986500187571,0.4628201976873764
3947,Reef 49,Site 3,Reef49 Site 3,18,2.252890485259242,-11.7670684475182,-0.28117182078705266,-0.5216213209767003,-0.05987234226074729,-0.31548555799222244,0.736711965369737,-0.16849841791105427,-0.3113328191843679,1.0062749844020633,0.9062131054548463,0.2354493939742508,-0.6661576786425888,1.1192921088678844
3917,Reef 49,Site 2,Reef49 Site 2,18,2.252890485259242,-11.7570684475182,-0.28117182078705266,-0.5155696473916324,-0.05475699873966518,-0.31548555799222244,0.7412992595009704,-0.1590586565085277,-0.3113328191843679,1.0041120752188746,0.9158516012742836,0.2354493939742508,-0.6661576786425888,1.128806194537167
2690,Reef 36,Site 3,Reef36 Site 3,21,1.942890485259242,-13.3970684475182,-0.28117182078705266,0.3720992635203539,0.5624308476021085,1.7792907532208966,-0.12279933121760299,0.6336915008510251,2.532769964613549,0.46698644943728057,-0.5126591847252314,0.6209573015148023,-0.9016910923207245,-0.4315038552251999
2358,Reef 33,Site 1,Reef33 Site 1,19,2.0928904852592423,-11.7970684475182,2.498495698916146,0.6825726521272818,-2.49396890611017,-0.31548555799222244,-0.3837588910405332,-0.28359585280015137,-0.3113328191843679,1.054884815722178,-0.06518047320292383,0.3639520298211013,-0.7877233115087231,1.090749851860037
2753,Reef 37,Site 2,Reef37 Site 2,24,1.922890485259242,-14.5670684475182,-0.28117182078705266,0.7017516802093671,1.3539471913899843,-0.31548555799222244,3.316237088007459,0.05531871589296399,-0.3113328191843679,1.1627147497894699,-0.08001222169478701,1.006465209055354,-0.9168867964289912,-1.5446518785312795
2630,Reef 36,Site 1,Reef36 Site 1,21,2.082890485259242,-13.4370684475182,-0.28117182078705266,0.529054389405306,0.47292798805943426,1.5040569249074602,0.07186188065044231,0.6728228023762595,2.948022653822568,0.3618024776524455,-0.346308514160916,0.6209573015148023,-0.7953211635628566,-0.4695601979023317
964,Reef 19,Site 3,Reef19 Site 3,5,3.512890485259242,-13.0470684475182,-0.28117182078705266,-0.639830520003597,0.08334303645307573,0.2144987225689651,-1.6940189120747333,1.5010793291077928,-0.3113328191843679,-0.12149919165508001,-0.43228212636910607,-1.4350848720348062,0.291171680178221,-0.09851085680030464
2209,Reef 31,Site 2,Reef31 Site 2,20,2.532890485259242,-12.5770684475182,-0.28117182078705266,-0.4055389089737896,1.435418190714689,3.3149240979834125,0.18571499946298842,-0.9896628513285218,-0.3113328191843679,0.3470025992425235,-0.2996233043973739,0.4924546656679519,-0.45341782112685314,0.3486511696559827
618,Reef 15,Site 3,Reef15 Site 3,19,3.932890485259242,-14.0470684475182,0.1456544060321892,1.2357437652323164,0.8910777968295023,-0.31548555799222244,-0.6121213479038167,0.225876156644552,-0.3113328191843679,-0.2967818318284668,-0.31154425040804934,0.3639520298211013,0.6102814664518241,-1.0499194237285778
2568,Reef 35,Site 2,Reef35 Site 2,19,2.252890485259242,-12.6670684475182,5.0297669152492235,0.19895532118453657,-0.8453114227438745,-0.31548555799222244,0.040434940183438926,-0.18311041885213222,-0.3113328191843679,0.9717060466308862,-0.2906458805042464,0.3639520298211013,-0.6661576786425888,0.26302439863243826
1324,Reef 22,Site 3,Reef22 Site 3,5,3.4028904852592423,-13.1670684475182,-0.28117182078705266,-0.524418924489666,0.5299527636897996,0.30016233066691034,-1.680820426578079,1.2011950050774511,-0.3113328191843679,-0.2594794353643111,-0.3410897703413268,-1.4350848720348062,0.20759530758275357,-0.21267988483169836
2418,Reef 33,Site 3,Reef33 Site 3,19,2.122890485259242,-11.8270684475182,2.8077442613401793,0.6384707272769381,-2.502573976587719,-0.31548555799222244,-0.41920077563494973,-0.23857928564842876,-0.3113328191843679,1.0443643302932764,-0.09639788452512449,0.3639520298211013,-0.764929755346323,1.0622075948521876
2179,Reef 31,Site 1,Reef31 Site 1,20,2.5228904852592424,-12.5870684475182,-0.28117182078705266,-0.38967126239216554,1.4124286395064827,3.3430687177935905,0.1855784981269673,-0.9725140615711998,-0.3113328191843679,0.36033561547847487,-0.26845981569378613,0.4924546656679519,-0.46101567318098635,0.33913708398670017
1489,Reef 24,Site 2,Reef24 Site 2,20,2.952890485259242,-11.7070684475182,-0.28117182078705266,-1.041521176168118,1.0406946492631035,3.7479684107404947,0.6944825853940947,-1.540011094620664,-0.3113328191843679,-0.3745053529463363,-0.037985559309623246,0.4924546656679519,-0.13430803485324996,1.1763766228835812
829,Reef 18,Site 1,Reef18 Site 1,20,3.5028904852592424,-13.8070684475182,-0.28117182078705266,0.017865140292407617,0.5578700922825687,1.3999898650969187,0.8264527776310987,0.4302687902197838,-0.3113328191843679,-0.5060293535999589,0.12517582295345475,0.4924546656679519,0.2835738281240877,-0.821581367665792
2901,Reef 39,Site 1,Reef39 Site 1,22,1.752890485259242,-14.4770684475182,-0.28117182078705266,0.9112351640994895,-0.09106822943597709,-0.31548555799222244,0.9630384273418959,0.749980820881602,1.872269494195565,0.4259014840691106,-0.10314520733598809,0.749459937361653,-1.0460502813492591,-1.459025107507735
2449,Reef 34,Site 1,Reef34 Site 1,20,2.242890485259242,-11.9070684475182,-0.28117182078705266,-0.576245915288344,0.9736662873476686,3.059837011192288,0.594928654811898,-2.0778384395095397,-0.3113328191843679,-0.3589862066709692,-0.032934838557661085,0.4924546656679519,-0.673755530696722,0.9860949094979273
2963,Reef 39,Site 3,Reef39 Site 3,24,1.752890485259242,-14.607068447518198,-0.28117182078705266,0.7156292351809364,1.2290805375171772,-0.31548555799222244,3.178392026395432,0.1003367007861451,-0.3113328191843679,0.9805333285576688,-0.0027740732426332743,1.006465209055354,-1.0460502813492591,-1.5827082212084096
2660,Reef 36,Site 2,Reef36 Site 2,21,1.952890485259242,-13.5370684475182,-0.28117182078705266,0.42906779022371366,0.6920770117432538,2.6690943215086658,0.024501064738841744,0.5904893230522278,2.3984180607151364,0.594056618256616,-0.6277887590416498,0.6209573015148023,-0.8940932402665911,-0.5647010545951587
2022,Reef 3,Site 2,Reef3 Site 2,13,5.382890485259242,-14.0470684475182,-0.28117182078705266,-1.198660861997829,-0.3812777466984615,5.480878861075002,-1.0409302617072778,2.097811375614037,-0.3113328191843679,0.14833485427268803,-0.6333126194913355,-0.40706378526000186,1.7119700143011687,-1.0499194237285778
3200,Reef 41,Site 2,Reef41 Site 2,21,1.442890485259242,-14.3170684475182,-0.28117182078705266,0.8414591849171134,-0.03992673644555756,0.9780795902129558,0.12867798026860017,-0.0034594658330424186,0.9558549275745378,1.1374444348507524,0.6364224267337514,0.6209573015148023,-1.2815836950273949,-1.3067997367992112
1219,Reef 21,Site 2,Reef21 Site 2,20,3.3628904852592423,-11.5370684475182,-0.28117182078705266,-0.8658070509394199,1.1505728083020517,3.53204436029793,-0.12122100506837406,-1.0289383693228922,-0.3113328191843679,-0.8038153457217302,0.2559785852735243,0.4924546656679519,0.1772038993662199,1.3381160792613878
1249,Reef 21,Site 3,Reef21 Site 3,20,3.3628904852592423,-11.5470684475182,-0.28117182078705266,-0.8809128800783786,1.158887902331063,3.532285128493627,-0.11731780244994913,-1.0024294616608187,-0.3113328191843679,-0.8180224692963862,0.23000683013663697,0.4924546656679519,0.1772038993662199,1.3286019935921052
2478,Reef 34,Site 2,Reef34 Site 2,19,2.222890485259242,-11.9870684475182,3.8998734759061033,0.389450929758537,-2.1046251329169476,-0.31548555799222244,-0.44377323676720065,-0.14694855010927654,-0.3113328191843679,1.172064316145069,-0.08507741322185935,0.3639520298211013,-0.6889512348049889,0.9099822241436655
2448,Reef 34,Site 1,Reef34 Site 1,19,2.242890485259242,-11.9070684475182,3.5884801562593456,0.5229370665763281,-2.1819493158413397,-0.31548555799222244,-0.4507695573120479,-0.08820357143768379,-0.3113328191843679,1.0237002681422789,-0.09979915726254338,0.3639520298211013,-0.673755530696722,0.9860949094979273
2508,Reef 34,Site 3,Reef34 Site 3,19,2.282890485259242,-12.0070684475182,4.199828300719825,0.36330149684147767,-1.9828840688818161,-0.31548555799222244,-0.4569620254623567,-0.07699797596280493,-0.3113328191843679,1.1290330078278645,-0.09761338205072083,0.3639520298211013,-0.6433641224801884,0.8909540528050987
2784,Reef 37,Site 3,Reef37 Site 3,25,1.932890485259242,-14.607068447518198,-0.28117182078705266,-0.8253095186098279,0.6821240943688703,-0.31548555799222244,0.8147768366056077,1.301907693444557,-0.3113328191843679,3.4311470334831538,0.08685335572160693,1.1349678449022045,-0.9092889443748579,-1.5827082212084096
2598,Reef 35,Site 3,Reef35 Site 3,19,1.942890485259242,-12.6270684475182,3.982105331517083,0.5710976945726667,-0.761429235804135,-0.31548555799222244,-0.09575937039097578,0.6485818609904257,-0.3113328191843679,1.3809671129704697,1.113396757740615,0.3639520298211013,-0.9016910923207245,0.30108074130957
3318,Reef 42,Site 3,Reef42 Site 3,19,1.352890485259242,-13.8370684475182,0.24240927398919923,1.0934750498600436,-0.34540690617420566,-0.27662254463729524,-0.743103439490399,-0.2833190740692391,-0.3113328191843679,0.2634870199109565,0.17760586582970322,0.3639520298211013,-1.3499643635145955,-0.8501236246736413
2092,Reef 30,Site 1,Reef30 Site 1,23,2.6228904852592425,-14.1670684475182,-0.28117182078705266,2.68399961675046,0.352846358026345,-0.31548555799222244,0.753376590336385,-1.1852659680054665,-0.3113328191843679,0.7569015362328968,0.39381760688231576,0.8779625732085035,-0.3850371526396522,-1.1640884517599717
3077,Reef 40,Site 1,Reef40 Site 1,18,1.632890485259242,-11.7970684475182,-0.28117182078705266,-0.037144413199476985,0.02865955940906724,-0.31548555799222244,1.156357976509252,0.7075899733772537,-0.3113328191843679,0.7250834615303071,0.3859634362435182,0.2354493939742508,-1.13722450599886,1.090749851860037
2151,Reef 30,Site 3,Reef30 Site 3,22,2.3228904852592422,-14.0370684475182,-0.28117182078705266,1.0606713762405526,-0.7557569807335517,-0.31548555799222244,1.0799062493659841,0.9852764560340612,4.208940967978714,1.150537094103806,-0.02571543589967821,0.749459937361653,-0.6129727142636546,-1.0404053380592952
2724,Reef 37,Site 1,Reef37 Site 1,25,1.912890485259242,-14.5870684475182,-0.28117182078705266,-0.8111395888708219,0.7011874166260873,-0.31548555799222244,0.8062426399147172,1.3390077679036863,-0.3113328191843679,3.389178961774017,0.10219605740111139,1.1349678449022045,-0.9244846484831246,-1.5636800498698462
2807,Reef 38,Site 1,Reef38 Site 1,18,1.822890485259242,-12.8870684475182,-0.28117182078705266,-0.49716742685086013,0.6565667815163314,-0.31548555799222244,0.9963604880704555,0.6848300353757891,-0.3113328191843679,1.783087068466449,0.7642246851141927,0.2354493939742508,-0.9928653169703253,0.053714513908219214
2536,Reef 35,Site 1,Reef35 Site 1,17,2.182890485259242,-12.4170684475182,-0.28117182078705266,1.1197595299871934,0.34085375621279435,-0.31548555799222244,1.139498625364572,0.7578137851041384,-0.3113328191843679,0.7264772232913768,-0.3695820372041087,0.10694675812740026,-0.7193426430215225,0.5008765403645066
2122,Reef 30,Site 2,Reef30 Site 2,23,2.1928904852592424,-14.2370684475182,-0.28117182078705266,2.62424988782453,0.27857175328904815,-0.31548555799222244,1.029882653572697,-0.45594584862255205,-0.3113328191843679,1.026403888538691,0.997371913744121,0.8779625732085035,-0.711744790967389,-1.2306870514449493
3455,Reef 44,Site 2,Reef44 Site 2,6,1.052890485259242,-11.5170684475182,2.016231596177822,-1.2368222775187065,1.258733337646415,-0.31548555799222244,-1.8566560447955673,-1.0312953281756878,-0.3113328191843679,-2.591973335941687,-0.9772022883607985,-1.3065822361879555,-1.5778999251385981,1.3571442505999527
1217,Reef 21,Site 2,Reef21 Site 2,18,3.3628904852592423,-11.5370684475182,-0.28117182078705266,-0.9723399773921937,0.16749485972373734,-0.31548555799222244,0.1151642093365478,-0.7951593457023832,-0.3113328191843679,0.711030251644883,0.35236180765585556,0.2354493939742508,0.1772038993662199,1.3381160792613878
2903,Reef 39,Site 1,Reef39 Site 1,24,1.752890485259242,-14.4770684475182,-0.28117182078705266,0.6960302039211413,1.4009632878277294,-0.31548555799222244,3.073755154507106,0.20363746397431098,-0.3113328191843679,1.0529349872923977,0.0036059111300050565,1.006465209055354,-1.0460502813492591,-1.459025107507735
1115,Reef 20,Site 2,Reef20 Site 2,6,3.2328904852592424,-13.3970684475182,1.0627849072483397,-1.4237078452301068,1.211738174537204,-0.31548555799222244,-0.6457277072866381,0.9713391261985,0.9474884679133161,-1.7198298150384823,1.1468463478276496,-1.3065822361879555,0.07843182266248568,-0.4315038552251999
1264,Reef 22,Site 1,Reef22 Site 1,5,3.3028904852592422,-13.1370684475182,-0.28117182078705266,-0.59419697869813,0.5207229517090916,0.09395032526834693,-1.7999473640651709,1.0610360048321168,-0.3113328191843679,-0.23309353299936822,-0.38219806790986893,-1.4350848720348062,0.1316167870414194,-0.1841376278238491
2093,Reef 30,Site 1,Reef30 Site 1,24,2.6228904852592425,-14.1670684475182,-0.28117182078705266,0.5320259146757388,1.5080611368745855,-0.31548555799222244,2.7594621530405905,0.378190443456756,-0.3113328191843679,0.8261077594071814,-1.1380731084234235,1.006465209055354,-0.3850371526396522,-1.1640884517599717
3859,Reef 48,Site 3,Reef48 Site 3,20,2.9028904852592423,-11.8370684475182,-0.28117182078705266,-1.1310472208404398,1.1357093470248096,3.5221264395268213,0.7932067478776884,-1.4479130579641784,-0.3113328191843679,-0.28402435779153057,-0.417593809627495,0.4924546656679519,-0.1722972951239169,1.052693509182905
889,Reef 18,Site 3,Reef18 Site 3,20,3.4428904852592424,-13.857068447518198,-0.2177141439802197,0.03281264211358843,0.6415837079988822,1.5950674850224367,0.7533223452907252,0.4186392862846068,-0.3113328191843679,-0.5508844865637067,0.02655367053979077,0.4924546656679519,0.23798671579928724,-0.8691517960122047
1552,Reef 25,Site 1,Reef25 Site 1,23,3.242890485259242,-14.5470684475182,-0.28117182078705266,2.982131903210608,0.03210212996437978,-0.31548555799222244,0.772287501270496,-0.5051290106410935,-0.3113328191843679,0.6560738754028295,1.3702980592684915,0.8779625732085035,0.08602967471661892,-1.5256237071927143
1247,Reef 21,Site 3,Reef21 Site 3,18,3.3628904852592423,-11.5470684475182,-0.28117182078705266,-0.9867523538552595,0.14088604693573165,-0.31548555799222244,0.12736521284134278,-0.8021569053126191,-0.3113328191843679,0.7123012043536743,0.34818939225169176,0.2354493939742508,0.1772038993662199,1.3286019935921052
3799,Reef 48,Site 1,Reef48 Site 1,20,2.892890485259242,-11.8370684475182,-0.28117182078705266,-1.1312155874052754,1.1372792568119665,3.4960619931773094,0.7892800037643826,-1.4749204736032848,-0.3113328191843679,-0.2714736199200448,-0.4245736930080468,0.4924546656679519,-0.17989514717805047,1.052693509182905
3918,Reef 49,Site 2,Reef49 Site 2,19,2.252890485259242,-11.7570684475182,2.861327214867776,0.7312809306596778,-2.348601036515522,-0.31548555799222244,-0.4452460362621414,-0.016746958138159566,-0.3113328191843679,0.814221517917865,-0.10431151355022682,0.3639520298211013,-0.6661576786425888,1.128806194537167
2150,Reef 30,Site 3,Reef30 Site 3,21,2.3228904852592422,-14.0370684475182,-0.28117182078705266,1.0071369729866637,0.9794020997031231,4.125726332973288,1.0830216182761547,-0.08103692505712135,3.4326713800317346,1.2102524714712914,-1.0000246513540325,0.6209573015148023,-0.6129727142636546,-1.0404053380592952
1612,Reef 25,Site 3,Reef25 Site 3,23,3.1728904852592423,-14.4870684475182,-0.28117182078705266,3.04682644251669,0.13161009815175226,-0.31548555799222244,0.789800558031684,-0.689658363711056,-0.3113328191843679,0.6292001644593543,1.3373325485364391,0.8779625732085035,0.03284471033768518,-1.4685391931770175
2121,Reef 30,Site 2,Reef30 Site 2,22,2.1928904852592424,-14.2370684475182,-0.28117182078705266,0.9571935927699169,-0.5080413453890213,-0.31548555799222244,0.9568927833018763,0.9345741439856153,4.022537697298977,0.7034353056636687,-0.15128894738807652,0.749459937361653,-0.711744790967389,-1.2306870514449493
2446,Reef 34,Site 1,Reef34 Site 1,17,2.242890485259242,-11.9070684475182,-0.28117182078705266,0.8815780856648976,-0.19700970669410617,-0.31548555799222244,0.912954210060756,0.7520538888542114,-0.3113328191843679,0.7544311670106544,-0.13073390210388652,0.10694675812740026,-0.673755530696722,0.9860949094979273
3230,Reef 41,Site 3,Reef41 Site 3,21,1.512890485259242,-14.4170684475182,-0.28117182078705266,0.8095338212637183,0.189408789923095,1.038270892332157,0.21581225891234243,-0.18592596379505286,1.5233703070927411,1.04378456974594,0.5491681476006955,0.6209573015148023,-1.228398730648461,-1.40194059349204
1218,Reef 21,Site 2,Reef21 Site 2,19,3.3628904852592423,-11.5370684475182,4.129844148763316,-0.19206420808802116,-1.0994101899099324,-0.31548555799222244,-0.9027499989325061,0.19859859783959896,-0.3113328191843679,0.19799327074952952,-0.7450947701046616,0.3639520298211013,0.1772038993662199,1.3381160792613878
1582,Reef 25,Site 2,Reef25 Site 2,23,3.242890485259242,-14.5070684475182,-0.28117182078705266,3.011326093690889,0.10209891751224845,-0.31548555799222244,0.7398673917934869,-0.5639950388229431,-0.3113328191843679,0.622843208086176,1.3386863235867896,0.8779625732085035,0.08602967471661892,-1.4875673645155842
2754,Reef 37,Site 2,Reef37 Site 2,25,1.922890485259242,-14.5670684475182,-0.28117182078705266,-0.784427861039242,0.69789753810806,-0.31548555799222244,0.7740304680150126,1.3481828522535966,-0.3113328191843679,3.3484182925774437,0.1116439682668138,1.1349678449022045,-0.9168867964289912,-1.5446518785312795
2961,Reef 39,Site 3,Reef39 Site 3,22,1.752890485259242,-14.607068447518198,-0.28117182078705266,0.8377875054828792,-0.09760470757798845,-0.31548555799222244,0.8591634404163169,0.7368149306043958,1.806178309263988,0.42582713498649066,-0.3047237303239768,0.749459937361653,-1.0460502813492591,-1.5827082212084096
2152,Reef 30,Site 3,Reef30 Site 3,23,2.3228904852592422,-14.0370684475182,-0.28117182078705266,2.304039820356399,0.5440476171706194,-0.31548555799222244,1.133526635847342,-0.6959639145521814,-0.3113328191843679,1.1474710170293905,1.048447463859334,0.8779625732085035,-0.6129727142636546,-1.0404053380592952
1581,Reef 25,Site 2,Reef25 Site 2,22,3.242890485259242,-14.5070684475182,-0.28117182078705266,0.6676433863522844,-0.6195557586698917,-0.31548555799222244,0.5468442532959185,1.2733943754943828,1.9699793857481607,0.06366214740481764,0.2620114904627589,0.749459937361653,0.08602967471661892,-1.4875673645155842
1384,Reef 23,Site 2,Reef23 Site 2,5,3.3128904852592425,-12.9270684475182,-0.28117182078705266,-0.761795934009505,0.3026728975321531,-0.31548555799222244,-1.9860768091703316,1.0225999786318178,-0.3113328191843679,-0.20176372725867858,-0.5039648746279178,-1.4350848720348062,0.139214639095553,0.015658171231087408
1551,Reef 25,Site 1,Reef25 Site 1,22,3.242890485259242,-14.5470684475182,-0.28117182078705266,0.7000115084075186,-0.5588018503555433,-0.31548555799222244,0.5806091539523244,1.3047751062610837,2.053436360094104,0.05527576888719188,0.25747931337228364,0.749459937361653,0.08602967471661892,-1.5256237071927143
3425,Reef 44,Site 1,Reef44 Site 1,6,0.952890485259242,-11.357068447518198,2.98379512582073,-1.518617683554039,1.2700992973989342,-0.31548555799222244,-1.9628504290857318,-0.7112684174925442,-0.3113328191843679,-2.381641356175169,-0.8016031013712671,-1.3065822361879555,-1.6538784456799318,1.5093696213084784
2124,Reef 30,Site 2,Reef30 Site 2,25,2.1928904852592424,-14.2370684475182,-0.28117182078705266,-0.17670931883656457,0.5195163434773834,-0.31548555799222244,0.581094573004814,1.2165636235055737,-0.3113328191843679,2.7415539272385305,0.3643961198711123,1.1349678449022045,-0.711744790967389,-1.2306870514449493
3485,Reef 44,Site 3,Reef44 Site 3,6,0.942890485259242,-11.357068447518198,3.0268857264554603,-1.5182171759438048,1.2851867445103744,-0.31548555799222244,-1.9637109064087603,-0.7036421586833899,-0.3113328191843679,-2.384511379132003,-0.8187819836820996,-1.3065822361879555,-1.6614762977340654,1.5093696213084784
1611,Reef 25,Site 3,Reef25 Site 3,22,3.1728904852592423,-14.4870684475182,-0.28117182078705266,0.7174964820226873,-0.7492492058843678,-0.31548555799222244,0.5533034073770615,1.2720504932475654,2.194732529937256,0.19270885562729057,0.22023602779626336,0.749459937361653,0.03284471033768518,-1.4685391931770175
1325,Reef 22,Site 3,Reef22 Site 3,6,3.4028904852592423,-13.1670684475182,-0.28117182078705266,-1.10484085470436,1.2369297978932814,-0.31548555799222244,-0.4541095264523065,0.5497934062328774,0.3152747558537097,-1.569575025962663,1.2659554674772435,-1.3065822361879555,0.20759530758275357,-0.21267988483169836
1265,Reef 22,Site 1,Reef22 Site 1,6,3.3028904852592422,-13.1370684475182,-0.28117182078705266,-1.1485344800308899,1.1627288161102143,-0.31548555799222244,-0.5239996533083144,0.5408504034328219,0.10539179023848118,-1.6868171191164085,1.1247647061113986,-1.3065822361879555,0.1316167870414194,-0.1841376278238491
3170,Reef 41,Site 1,Reef41 Site 1,21,1.612890485259242,-14.357068447518198,-0.28117182078705266,0.8927580359706683,0.35007818632550075,1.5584169135752703,0.2619001502094286,-0.06610515322565592,1.657396803850886,1.1107488290437457,0.4538674532824588,0.6209573015148023,-1.1524202101071268,-1.3448560794763413
3291,Reef 42,Site 2,Reef42 Site 2,22,1.342890485259242,-13.8970684475182,-0.28117182078705266,0.8393774516608405,-0.7087939971745431,-0.31548555799222244,0.782310956120088,-0.4122635878801622,2.401943316040431,0.32346518552423525,0.1487487858306791,0.749459937361653,-1.357562215568729,-0.9072081386893365
2721,Reef 37,Site 1,Reef37 Site 1,22,1.912890485259242,-14.5870684475182,-0.28117182078705266,1.0383584216813766,-0.15944354162676927,-0.31548555799222244,1.0665146370213694,0.9178839590952944,2.450119965802327,0.5631802245691807,-0.11609566600408826,0.749459937361653,-0.9244846484831246,-1.5636800498698462
3261,Reef 42,Site 1,Reef42 Site 1,22,1.332890485259242,-13.8770684475182,-0.28117182078705266,0.817287339270571,-0.7013931118518841,-0.31548555799222244,0.754543266517556,-0.42079978898881143,2.46349213129033,0.3138777186414457,0.15047583086595706,0.749459937361653,-1.3651600676228623,-0.8881799673507714
3078,Reef 40,Site 1,Reef40 Site 1,19,1.632890485259242,-11.7970684475182,0.8079983301731748,1.019839220417155,-1.5741577361424213,-0.31548555799222244,0.033947611197708664,0.06407749577860163,-0.3113328191843679,1.2227131134399272,0.7687168305165546,0.3639520298211013,-1.13722450599886,1.090749851860037
1099,Reef 20,Site 1,Reef20 Site 1,20,3.3128904852592425,-13.5670684475182,-0.28117182078705266,-0.35609169800687046,0.42347867067996586,1.8616030864982402,0.38803776967576065,0.6752459225487781,-0.3113328191843679,-0.4070425921911533,0.19968971801515728,0.4924546656679519,0.139214639095553,-0.5932433116030063
2838,Reef 38,Site 2,Reef38 Site 2,19,1.842890485259242,-12.7770684475182,3.4957090868158622,0.576652052854084,-0.4966268404245833,-0.31548555799222244,-0.3036876025552439,0.7780287710006207,-0.3113328191843679,1.1843377203956302,0.9325580317094165,0.3639520298211013,-0.9776696128620584,0.15836945627032872
2123,Reef 30,Site 2,Reef30 Site 2,24,2.1928904852592424,-14.2370684475182,-0.28117182078705266,0.5091251684773616,1.218106829763069,-0.31548555799222244,2.6996164582642694,0.30622386390702755,-0.3113328191843679,1.098238902097221,-0.4033841997207487,1.006465209055354,-0.711744790967389,-1.2306870514449493
2567,Reef 35,Site 2,Reef35 Site 2,18,2.252890485259242,-12.6670684475182,-0.28117182078705266,-0.030667487001202184,-0.22645586736132603,-0.31548555799222244,0.9013155906882546,-0.34403137236456954,-0.3113328191843679,1.708804456219052,0.06918211375756629,0.2354493939742508,-0.6661576786425888,0.26302439863243826
2023,Reef 3,Site 2,Reef3 Site 2,14,5.382890485259242,-14.0470684475182,-0.28117182078705266,-0.9235119966107592,-1.1134647617615907,-0.31548555799222244,-1.1294343843697416,-0.33312132950945256,5.588217751157426,-0.9398092995829572,2.1691721555782646,-0.27856114941315135,1.7119700143011687,-1.0499194237285778
2781,Reef 37,Site 3,Reef37 Site 3,22,1.932890485259242,-14.607068447518198,-0.28117182078705266,1.064927031592451,-0.17729506887262883,-0.31548555799222244,1.0840245193015126,0.93308885497774,2.5220802172096777,0.5848821758206983,-0.11852498444001562,0.749459937361653,-0.9092889443748579,-1.5827082212084096
1459,Reef 24,Site 1,Reef24 Site 1,20,2.8128904852592425,-11.6670684475182,-0.28117182078705266,-1.016590858276391,1.0358533404907093,3.4124568509138378,0.6030903576385408,-1.988002641214908,-0.3113328191843679,-0.20732650145243386,-0.029639670201925324,0.4924546656679519,-0.24067796361111746,1.2144329655607113
3288,Reef 42,Site 2,Reef42 Site 2,19,1.342890485259242,-13.8970684475182,0.19628571313575327,1.1064375956640455,-0.1831436564411745,-0.13655436691614306,-0.7033885458700386,-0.3342066690649897,-0.3113328191843679,0.23937446661040598,0.1093099692120905,0.3639520298211013,-1.357562215568729,-0.9072081386893365
1993,Reef 3,Site 1,Reef3 Site 1,14,5.302890485259242,-14.0470684475182,-0.28117182078705266,-0.876183961565207,-1.164268570401239,-0.31548555799222244,-1.2376533480753136,-0.39898008647548217,5.544554144763366,-0.9302739082402758,2.2249330498073756,-0.27856114941315135,1.6511871978681012,-1.0499194237285778
3544,Reef 45,Site 2,Reef45 Site 2,5,0.6828904852592421,-11.357068447518198,-0.28117182078705266,-2.2266785451935935,-0.7983075025293933,-0.31548555799222244,-2.4974044175075565,-0.7731600884015886,-0.3113328191843679,-0.44170045180978607,0.9309872200474948,-1.4350848720348062,-1.8590204511415338,1.5093696213084784
3321,Reef 42,Site 3,Reef42 Site 3,22,1.352890485259242,-13.8370684475182,-0.28117182078705266,0.7949093617698076,-0.5851466846365573,-0.31548555799222244,0.7669684791420726,-0.3796058880185612,2.7616598159900243,0.39542622749737927,0.23223592142469981,0.749459937361653,-1.3499643635145955,-0.8501236246736413
2178,Reef 31,Site 1,Reef31 Site 1,19,2.5228904852592424,-12.5870684475182,3.91319227219698,0.1142433252950593,-1.041176309933232,-0.31548555799222244,0.28011645329446044,-0.322007433736213,-0.3113328191843679,1.0526509088059735,-0.2691114761770417,0.3639520298211013,-0.46101567318098635,0.33913708398670017
3888,Reef 49,Site 1,Reef49 Site 1,19,2.262890485259242,-11.7670684475182,2.98216357874649,0.7462755467289571,-2.3376643415454694,-0.31548555799222244,-0.45647904259757305,-0.007287503591774886,-0.3113328191843679,0.7898795135030332,-0.11938097694737125,0.3639520298211013,-0.6585598265884551,1.1192921088678844
1640,Reef 26,Site 1,Reef26 Site 1,21,3.142890485259242,-13.607068447518198,-0.28117182078705266,-0.1371592084788537,0.21544026963357255,-0.09451543128420628,-0.05858381675525274,0.4899789858006379,2.5226289163147273,0.38108486777442213,0.4641466994284864,0.6209573015148023,0.010051154175284759,-0.6312996542801365
2931,Reef 39,Site 2,Reef39 Site 2,22,1.712890485259242,-14.5570684475182,-0.28117182078705266,0.8464745291091078,-0.14610910073118413,-0.31548555799222244,0.8678613142070372,0.7050351678865774,1.6327616836238616,0.4354325282530599,-0.3199635869511115,0.749459937361653,-1.076441689565793,-1.535137792861997
2120,Reef 30,Site 2,Reef30 Site 2,21,2.1928904852592424,-14.2370684475182,-0.28117182078705266,0.884320765755034,0.9270737243624111,3.942583350659097,0.6287319909830791,-0.2056927995438747,3.3760296825267737,1.0975980088993165,-0.4634973731491488,0.6209573015148023,-0.711744790967389,-1.2306870514449493
2207,Reef 31,Site 2,Reef31 Site 2,18,2.532890485259242,-12.5770684475182,-0.28117182078705266,0.19510404293464628,-0.4017353131696512,-0.31548555799222244,0.9560768178320823,-0.35154654064315843,-0.3113328191843679,1.7411484429352653,0.19142864969979015,0.2354493939742508,-0.45341782112685314,0.3486511696559827
1700,Reef 26,Site 3,Reef26 Site 3,21,3.0828904852592425,-13.7570684475182,-0.28117182078705266,0.1157045569797873,0.5807215092112054,0.12616515897991892,0.19414494579206745,0.46442598162054066,2.82574089101507,0.6089073921191728,0.29749532181431965,0.6209573015148023,-0.0355359581495154,-0.7740109393193794
2154,Reef 30,Site 3,Reef30 Site 3,25,2.3228904852592422,-14.0370684475182,-0.28117182078705266,-0.0324597571923071,0.32927969629155585,-0.31548555799222244,0.7128355140103514,1.2008953403894815,-0.3113328191843679,2.425904109873093,0.6235160658235211,1.1349678449022045,-0.6129727142636546,-1.0404053380592952
1519,Reef 24,Site 3,Reef24 Site 3,20,3.1728904852592423,-11.7870684475182,-0.28117182078705266,-1.038819549530276,0.8449924144311156,2.9771809253721684,0.5955135960114958,-1.3514112860438368,-0.3113328191843679,-0.7163575283922394,0.15928837925260406,0.4924546656679519,0.03284471033768518,1.1002639375293195
466,Reef 14,Site 1,Reef14 Site 1,17,4.152890485259242,-12.1970684475182,-0.28117182078705266,0.09887106553307136,-1.9315122240263196,-0.31548555799222244,0.2572232139531402,-0.591229505802364,-0.3113328191843679,1.076321091012369,0.768055288943532,0.10694675812740026,0.7774342116427589,0.7101864250887272
1670,Reef 26,Site 2,Reef26 Site 2,21,3.142890485259242,-13.7570684475182,-0.28117182078705266,0.09097653952788093,0.5650837716295776,0.005056600174456944,0.10273085452196577,0.4597558614760237,2.6143664763817216,0.6479451432102898,0.40608743278967624,0.6209573015148023,0.010051154175284759,-0.7740109393193794
3574,Reef 45,Site 3,Reef45 Site 3,5,0.6128904852592421,-11.2670684475182,-0.28117182078705266,-2.241674469121332,-0.7719299992146987,-0.31548555799222244,-2.3676789096130633,-0.6450009125187813,-0.3113328191843679,-0.5887690762178357,0.9363526534583086,-1.4350848720348062,-1.9122054155204677,1.594996392332021
1968,Reef 29,Site 3,Reef29 Site 3,19,2.432890485259242,-12.8070684475182,4.4011871029516385,0.16159148979490867,-0.6071391980329207,-0.31548555799222244,0.15709431733099327,-0.3422409877068566,-0.3113328191843679,0.7821734296861321,-0.75480753898596,0.3639520298211013,-0.5293963416681873,0.12982719926248112
828,Reef 18,Site 1,Reef18 Site 1,19,3.5028904852592424,-13.8070684475182,1.6855417973828501,0.7540899277798778,0.40659489860444686,-0.31548555799222244,-0.6001766456787176,0.06875168562835873,-0.3113328191843679,-0.508395084193417,-0.946168424317841,0.3639520298211013,0.2835738281240877,-0.821581367665792
1701,Reef 26,Site 3,Reef26 Site 3,22,3.0828904852592425,-13.7570684475182,-0.28117182078705266,0.21578916224354314,-1.2608878900833194,-0.31548555799222244,0.18704207674018794,0.5989845527375116,0.13818010837310163,0.27572436210636764,0.5237628206221294,0.749459937361653,-0.0355359581495154,-0.7740109393193794
1188,Reef 21,Site 1,Reef21 Site 1,19,3.2328904852592424,-11.5970684475182,4.35474171004266,0.18501346882336503,-1.2440499597454502,-0.31548555799222244,-0.8212849718441338,0.19759556250213112,-0.3113328191843679,0.11582300832844687,-0.8221525153782565,0.3639520298211013,0.07843182266248568,1.2810315652456907
2177,Reef 31,Site 1,Reef31 Site 1,18,2.5228904852592424,-12.5870684475182,-0.28117182078705266,0.20862968367190948,-0.3698074194880585,-0.31548555799222244,0.9835617641985475,-0.32265433216603184,-0.3113328191843679,1.7523646629990048,0.19878082098743022,0.2354493939742508,-0.46101567318098635,0.33913708398670017
3454,Reef 44,Site 2,Reef44 Site 2,5,1.052890485259242,-11.5170684475182,-0.28117182078705266,-1.924716382648246,-1.1018427382993206,-0.31548555799222244,-2.7196553388826827,-1.025570722434824,-0.3113328191843679,0.013083245425041575,1.0436899028794662,-1.4350848720348062,-1.5778999251385981,1.3571442505999527
1187,Reef 21,Site 1,Reef21 Site 1,18,3.2328904852592424,-11.5970684475182,-0.28117182078705266,-0.8910055839380518,0.16645965624881762,-0.31548555799222244,0.03167293541415356,-0.8716539862456233,-0.3113328191843679,0.8302177621309469,0.3788443132172093,0.2354493939742508,0.07843182266248568,1.2810315652456907
496,Reef 14,Site 2,Reef14 Site 2,17,4.142890485259242,-12.2470684475182,-0.28117182078705266,0.13220880402787155,-1.9037841814211898,-0.31548555799222244,0.3363058694767525,-0.6059549325755196,-0.3113328191843679,1.0882356130025352,0.7077897419225677,0.10694675812740026,0.7698363595886257,0.6626159967423129
3546,Reef 45,Site 2,Reef45 Site 2,7,0.6828904852592421,-11.357068447518198,-0.28117182078705266,-0.47719528264266614,2.5400979726534567,3.4706415527766445,-1.4033156181643585,1.7475077124473806,-0.3113328191843679,-2.040290335316934,-0.6867009195547575,-1.1780796003411051,-1.8590204511415338,1.5093696213084784
3424,Reef 44,Site 1,Reef44 Site 1,5,0.952890485259242,-11.357068447518198,-0.28117182078705266,-2.0307404784250385,-0.7715523112009497,-0.31548555799222244,-2.5059419537734215,-0.8512547384833413,-0.3113328191843679,0.04432147246025292,0.9418904561109996,-1.4350848720348062,-1.6538784456799318,1.5093696213084784
2751,Reef 37,Site 2,Reef37 Site 2,22,1.922890485259242,-14.5670684475182,-0.28117182078705266,1.0226009347158735,-0.17673742007367022,-0.31548555799222244,1.0558363175791632,0.909173867620011,2.505090254603055,0.552628159997593,-0.11591625116656605,0.749459937361653,-0.9168867964289912,-1.5446518785312795
3484,Reef 44,Site 3,Reef44 Site 3,5,0.942890485259242,-11.357068447518198,-0.28117182078705266,-2.0315995759255356,-0.7636814722334972,-0.31548555799222244,-2.5088581166989408,-0.868308084939769,-0.3113328191843679,0.032130208517055545,0.9372585553847448,-1.4350848720348062,-1.6614762977340654,1.5093696213084784
3352,Reef 43,Site 1,Reef43 Site 1,23,1.172890485259242,-14.8870684475182,-0.28117182078705266,2.7218328688968394,-0.2975556272775396,-0.31548555799222244,0.4400276321871345,-0.18316256273721312,-0.3113328191843679,0.16647175508804743,0.7875846122665127,0.8779625732085035,-1.4867257004889969,-1.8491026199483271
1159,Reef 20,Site 3,Reef20 Site 3,20,3.202890485259242,-13.5070684475182,-0.28117182078705266,-0.2978228507976588,0.6069472805042404,2.14700284601896,0.31747182057626905,0.6868663135136132,-0.3113328191843679,-0.26096876499075683,0.11460331729231335,0.4924546656679519,0.05563826650008526,-0.5361587975873111
3514,Reef 45,Site 1,Reef45 Site 1,5,0.7528904852592421,-11.1870684475182,-0.28117182078705266,-2.0177288981265886,-0.7165621226144241,-0.31548555799222244,-2.2926794538787836,-0.765373918728612,-0.3113328191843679,-0.3536646987071888,0.9587514470934971,-1.4350848720348062,-1.8058354867626,1.671109077686283
1116,Reef 20,Site 2,Reef20 Site 2,7,3.2328904852592424,-13.3970684475182,-0.28117182078705266,-1.3173448763927846,2.240630344388507,0.8567871691297799,-1.3548428223820173,1.2103928692543986,-0.3113328191843679,-0.5508596994557524,1.0344075362953153,-1.1780796003411051,0.07843182266248568,-0.4315038552251999
3233,Reef 41,Site 3,Reef41 Site 3,24,1.512890485259242,-14.4170684475182,-0.28117182078705266,0.6169675072801241,0.47218569569118296,-0.31548555799222244,2.6410174330476464,0.6706606298125368,-0.3113328191843679,1.117210443377226,-0.26839230353473065,1.006465209055354,-1.228398730648461,-1.40194059349204
2964,Reef 39,Site 3,Reef39 Site 3,25,1.752890485259242,-14.607068447518198,-0.28117182078705266,-0.7074782960666398,0.7692786928691996,-0.31548555799222244,0.7879303121481922,1.2271963318832855,-0.3113328191843679,3.2127542362757175,0.15699334683756977,1.1349678449022045,-1.0460502813492591,-1.5827082212084096
1517,Reef 24,Site 3,Reef24 Site 3,18,3.1728904852592423,-11.7870684475182,-0.28117182078705266,-0.883618641129643,0.06843295278352292,-0.31548555799222244,0.046128815649687835,-0.7322490809293696,-0.3113328191843679,1.0823499188161976,0.4468587078431862,0.2354493939742508,0.03284471033768518,1.1002639375293195
845,Reef 18,Site 2,Reef18 Site 2,6,3.512890485259242,-13.6670684475182,1.3732162531110146,-1.0437485177645163,1.2595776646372907,-0.31548555799222244,-0.5455632185656835,0.9873050910261575,1.418034688447425,-1.923505377676978,1.338136982930508,-1.3065822361879555,0.291171680178221,-0.6883841682958349
737,Reef 17,Site 1,Reef17 Site 1,18,3.5828904852592425,-12.2670684475182,-0.28117182078705266,-0.4558653861060921,-1.028314338723485,-0.31548555799222244,0.5891830238451665,-1.7130257960025355,-0.3113328191843679,0.7512391033341886,-0.15162830926105333,0.2354493939742508,0.3443566445571551,0.6435878254037478
3486,Reef 44,Site 3,Reef44 Site 3,7,0.942890485259242,-11.357068447518198,-0.28117182078705266,-0.6810018846686491,2.220984263456986,2.569983565743121,-1.4495039473959552,1.281559082423537,-0.3113328191843679,-1.8479895700468703,-0.6529038919544572,-1.1780796003411051,-1.6614762977340654,1.5093696213084784
286,Reef 12,Site 1,Reef12 Site 1,17,4.222890485259242,-12.5470684475182,-0.28117182078705266,0.0320055341023498,-1.1932198374657486,-0.31548555799222244,0.8062574575113548,-0.3496400192344761,-0.3113328191843679,1.6308709698336694,0.07561092941476251,0.10694675812740026,0.830619176021693,0.377193426663832
